mozilla-b2g,gaia,3627,3600
mozilla-b2g,gaia,1171,1170
mozilla-b2g,gaia,6795,6603
mozilla-b2g,gaia,7669,7587
mozilla-b2g,gaia,28433,28349
mozilla-b2g,gaia,17136,16651
mozilla-b2g,gaia,13332,13292
mozilla-b2g,gaia,9488,9457
mozilla-b2g,gaia,21295,20806
mozilla-b2g,gaia,23790,23101
mozilla-b2g,gaia,27829,27430
mozilla-b2g,gaia,8383,8363
mozilla-b2g,gaia,9428,9349
mozilla-b2g,gaia,22947,22749
mozilla-b2g,gaia,18033,18000
mozilla-b2g,gaia,2459,2420
mozilla-b2g,gaia,12134,11062
mozilla-b2g,gaia,21899,21887
mozilla-b2g,gaia,15218,15022
mozilla-b2g,gaia,13480,12010
mozilla-b2g,gaia,14246,14107
mozilla-b2g,gaia,10980,10738
mozilla-b2g,gaia,9768,9467
mozilla-b2g,gaia,7010,6996
mozilla-b2g,gaia,10373,10253
mozilla-b2g,gaia,13342,12014
mozilla-b2g,gaia,17425,17408
mozilla-b2g,gaia,16480,16475
mozilla-b2g,gaia,5772,5638
mozilla-b2g,gaia,27959,27781
mozilla-b2g,gaia,11048,11032
mozilla-b2g,gaia,10228,10180
mozilla-b2g,gaia,21450,21295
mozilla-b2g,gaia,12565,12520
mozilla-b2g,gaia,1010,1004
mozilla-b2g,gaia,10547,8726
mozilla-b2g,gaia,6471,6466
mozilla-b2g,gaia,24321,24292
kubernetes,kubernetes,11475,11474
kubernetes,kubernetes,28994,28604
kubernetes,kubernetes,30772,30771
kubernetes,kubernetes,28037,28026
kubernetes,kubernetes,26097,25973
kubernetes,kubernetes,15043,14871
kubernetes,kubernetes,30884,30802
kubernetes,kubernetes,44344,43215
kubernetes,kubernetes,13165,13154
kubernetes,kubernetes,15902,15840
kubernetes,kubernetes,40322,39503
kubernetes,kubernetes,661,657
kubernetes,kubernetes,45455,40210
kubernetes,kubernetes,39342,39293
kubernetes,kubernetes,34246,34083
kubernetes,kubernetes,36168,36163
kubernetes,kubernetes,6976,5012
kubernetes,kubernetes,41959,41663
kubernetes,kubernetes,46923,46913
kubernetes,kubernetes,19932,19807
kubernetes,kubernetes,10440,7053
kubernetes,kubernetes,8309,8303
kubernetes,kubernetes,35835,35817
kubernetes,kubernetes,1211,1210
kubernetes,kubernetes,22110,20384
kubernetes,kubernetes,28966,25342
kubernetes,kubernetes,34424,32408
kubernetes,kubernetes,36434,32811
kubernetes,kubernetes,36195,36186
kubernetes,kubernetes,45463,45263
kubernetes,kubernetes,28414,24299
kubernetes,kubernetes,30848,29741
kubernetes,kubernetes,2716,2694
kubernetes,kubernetes,23043,22845
kubernetes,kubernetes,11284,10824
kubernetes,kubernetes,17024,14548
kubernetes,kubernetes,38591,38452
kubernetes,kubernetes,16283,14493
kubernetes,kubernetes,45920,45918
kubernetes,kubernetes,45263,43027
kubernetes,kubernetes,13322,13144
kubernetes,kubernetes,14675,14564
kubernetes,kubernetes,21786,21601
kubernetes,kubernetes,47455,47074
kubernetes,kubernetes,37347,37332
kubernetes,kubernetes,13758,13738
kubernetes,kubernetes,18073,17769
kubernetes,kubernetes,24783,24549
kubernetes,kubernetes,37140,36826
kubernetes,kubernetes,5307,5302
kubernetes,kubernetes,10746,10512
kubernetes,kubernetes,2669,2652
kubernetes,kubernetes,29854,29185
kubernetes,kubernetes,19884,19725
kubernetes,kubernetes,7503,7456
kubernetes,kubernetes,9575,7227
kubernetes,kubernetes,37137,35550
kubernetes,kubernetes,44288,40234
kubernetes,kubernetes,47322,46193
kubernetes,kubernetes,24556,24537
kubernetes,kubernetes,38587,38571
kubernetes,kubernetes,30654,30476
kubernetes,kubernetes,7679,7615
kubernetes,kubernetes,16495,16152
kubernetes,kubernetes,5763,5233
kubernetes,kubernetes,41036,41006
kubernetes,kubernetes,41342,41308
kubernetes,kubernetes,40421,40400
kubernetes,kubernetes,28996,28978
kubernetes,kubernetes,42529,42138
kubernetes,kubernetes,56,52
kubernetes,kubernetes,35745,32790
kubernetes,kubernetes,37269,275
kubernetes,kubernetes,41761,41756
kubernetes,kubernetes,45273,44727
kubernetes,kubernetes,30928,30880
kubernetes,kubernetes,46666,45575
kubernetes,kubernetes,8639,7439
kubernetes,kubernetes,61,52
kubernetes,kubernetes,19759,15998
kubernetes,kubernetes,34502,32109
kubernetes,kubernetes,29150,25524
kubernetes,kubernetes,8931,8743
kubernetes,kubernetes,46478,46383
kubernetes,kubernetes,14229,14213
kubernetes,kubernetes,20810,19559
kubernetes,kubernetes,22163,22131
kubernetes,kubernetes,31741,31682
kubernetes,kubernetes,30993,28284
kubernetes,kubernetes,35609,35556
kubernetes,kubernetes,41210,41106
kubernetes,kubernetes,10895,10784
kubernetes,kubernetes,26066,26059
kubernetes,kubernetes,5741,5735
kubernetes,kubernetes,38751,38370
kubernetes,kubernetes,85,82
kubernetes,kubernetes,32064,32049
kubernetes,kubernetes,10883,10819
kubernetes,kubernetes,38296,38285
kubernetes,kubernetes,25591,24509
kubernetes,kubernetes,46307,45649
kubernetes,kubernetes,44909,44462
kubernetes,kubernetes,9966,9854
kubernetes,kubernetes,25995,23473
kubernetes,kubernetes,44496,39342
kubernetes,kubernetes,43902,43871
kubernetes,kubernetes,10232,9264
kubernetes,kubernetes,273,169
kubernetes,kubernetes,13894,12717
kubernetes,kubernetes,3274,3270
kubernetes,kubernetes,44838,44583
kubernetes,kubernetes,21365,21361
kubernetes,kubernetes,18449,13838
kubernetes,kubernetes,46927,46784
kubernetes,kubernetes,47684,47223
kubernetes,kubernetes,25512,22737
kubernetes,kubernetes,31372,31361
kubernetes,kubernetes,3200,3199
kubernetes,kubernetes,12111,11679
kubernetes,kubernetes,36597,36294
kubernetes,kubernetes,42883,42630
kubernetes,kubernetes,21531,21357
kubernetes,kubernetes,451,356
kubernetes,kubernetes,5784,5775
kubernetes,kubernetes,41546,41427
kubernetes,kubernetes,5775,5714
kubernetes,kubernetes,33101,33099
kubernetes,kubernetes,43145,42152
kubernetes,kubernetes,38789,33757
kubernetes,kubernetes,11113,11085
kubernetes,kubernetes,46695,46346
kubernetes,kubernetes,9838,9730
kubernetes,kubernetes,29226,29204
kubernetes,kubernetes,22501,21535
kubernetes,kubernetes,20057,19510
kubernetes,kubernetes,17264,17195
kubernetes,kubernetes,33276,32120
kubernetes,kubernetes,54,52
kubernetes,kubernetes,33683,33675
kubernetes,kubernetes,40550,39903
kubernetes,kubernetes,11450,11364
kubernetes,kubernetes,40380,40379
kubernetes,kubernetes,46869,46863
kubernetes,kubernetes,31287,31282
kubernetes,kubernetes,16227,15791
kubernetes,kubernetes,45065,45034
kubernetes,kubernetes,40901,40193
kubernetes,kubernetes,44727,44463
kubernetes,kubernetes,44969,43936
kubernetes,kubernetes,36673,36425
kubernetes,kubernetes,41942,37571
kubernetes,kubernetes,3916,3915
kubernetes,kubernetes,13628,13616
kubernetes,kubernetes,39883,38317
kubernetes,kubernetes,46823,46739
kubernetes,kubernetes,25996,25634
kubernetes,kubernetes,5298,5293
kubernetes,kubernetes,21130,20665
kubernetes,kubernetes,11322,11317
kubernetes,kubernetes,44500,42007
kubernetes,kubernetes,4065,4056
kubernetes,kubernetes,35839,35760
kubernetes,kubernetes,6964,6952
kubernetes,kubernetes,19406,19324
kubernetes,kubernetes,15401,15224
kubernetes,kubernetes,21532,21357
kubernetes,kubernetes,46953,46909
kubernetes,kubernetes,11219,10234
kubernetes,kubernetes,42202,41745
kubernetes,kubernetes,41480,41478
kubernetes,kubernetes,38546,1932
kubernetes,kubernetes,34811,34144
kubernetes,kubernetes,44934,44908
kubernetes,kubernetes,33964,30787
kubernetes,kubernetes,42113,42049
kubernetes,kubernetes,18377,18341
kubernetes,kubernetes,20141,19706
kubernetes,kubernetes,6614,6239
kubernetes,kubernetes,34972,29489
kubernetes,kubernetes,4698,4494
kubernetes,kubernetes,35320,33616
kubernetes,kubernetes,28053,28052
kubernetes,kubernetes,13800,13680
kubernetes,kubernetes,28294,28251
kubernetes,kubernetes,3577,3555
kubernetes,kubernetes,24881,24201
kubernetes,kubernetes,44313,44312
kubernetes,kubernetes,2412,2397
kubernetes,kubernetes,43719,42815
kubernetes,kubernetes,44839,44583
kubernetes,kubernetes,44966,44943
kubernetes,kubernetes,15339,15004
kubernetes,kubernetes,4393,4390
kubernetes,kubernetes,12980,12895
kubernetes,kubernetes,30147,30137
kubernetes,kubernetes,14472,14448
kubernetes,kubernetes,10609,10453
kubernetes,kubernetes,28606,28206
kubernetes,kubernetes,7142,6847
kubernetes,kubernetes,14098,14083
kubernetes,kubernetes,35732,34152
kubernetes,kubernetes,6949,6938
kubernetes,kubernetes,43666,42717
kubernetes,kubernetes,40379,40378
kubernetes,kubernetes,17169,17167
kubernetes,kubernetes,29995,29447
kubernetes,kubernetes,32311,32268
kubernetes,kubernetes,25688,25326
kubernetes,kubernetes,7021,6886
kubernetes,kubernetes,5466,5022
kubernetes,kubernetes,39634,39632
kubernetes,kubernetes,25888,24861
kubernetes,kubernetes,45804,45768
saltstack,salt,39228,38316
saltstack,salt,33878,33871
saltstack,salt,22510,22347
saltstack,salt,26696,26694
saltstack,salt,14429,14401
saltstack,salt,30177,30166
saltstack,salt,26136,26117
saltstack,salt,23500,23497
saltstack,salt,11756,11751
saltstack,salt,18081,18079
saltstack,salt,33916,33670
saltstack,salt,20393,20368
saltstack,salt,18519,18497
saltstack,salt,32747,32563
saltstack,salt,39727,39630
saltstack,salt,36912,36900
saltstack,salt,34148,34098
saltstack,salt,11704,11674
saltstack,salt,11989,11988
saltstack,salt,41249,41191
saltstack,salt,13228,13221
saltstack,salt,25843,25835
saltstack,salt,16266,15780
saltstack,salt,35382,35376
saltstack,salt,24528,24490
saltstack,salt,14213,14197
saltstack,salt,40782,40781
saltstack,salt,39390,39364
saltstack,salt,27652,27645
saltstack,salt,22952,22951
saltstack,salt,20290,19890
saltstack,salt,20535,20509
saltstack,salt,38882,38881
saltstack,salt,32086,31660
saltstack,salt,38829,38266
saltstack,salt,19297,19296
saltstack,salt,10775,10770
saltstack,salt,22626,22406
saltstack,salt,5096,5094
saltstack,salt,40274,40138
saltstack,salt,30953,30951
saltstack,salt,17692,17691
saltstack,salt,22201,22198
saltstack,salt,15352,15333
saltstack,salt,33866,33830
saltstack,salt,14252,14027
saltstack,salt,35243,35132
rust-lang,rust,24024,23871
rust-lang,rust,19837,19827
rust-lang,rust,8982,8980
rust-lang,rust,14331,12524
rust-lang,rust,37393,37316
rust-lang,rust,32187,32133
rust-lang,rust,25837,25816
rust-lang,rust,9325,9315
rust-lang,rust,26963,26163
rust-lang,rust,21143,21096
rust-lang,rust,7991,7982
rust-lang,rust,7657,7656
rust-lang,rust,5109,5102
rust-lang,rust,33227,33191
rust-lang,rust,14706,14689
rust-lang,rust,30719,30718
rust-lang,rust,22276,22242
rust-lang,rust,38466,38450
rust-lang,rust,33744,33546
rust-lang,rust,20653,20641
rust-lang,rust,30792,30781
rust-lang,rust,22367,22352
rust-lang,rust,7919,7897
rust-lang,rust,25902,25739
rust-lang,rust,9326,9325
rust-lang,rust,9339,9325
rust-lang,rust,12970,12933
rust-lang,rust,30676,30608
rust-lang,rust,19169,19116
rust-lang,rust,31143,31111
rust-lang,rust,14014,13832
rust-lang,rust,9753,7297
rust-lang,rust,34010,33769
rust-lang,rust,27034,27020
rust-lang,rust,22835,22824
rust-lang,rust,41282,41181
rust-lang,rust,21890,21745
rust-lang,rust,22170,21972
rust-lang,rust,7738,7736
rust-lang,rust,19019,18814
rust-lang,rust,24670,24366
rust-lang,rust,23077,23029
rust-lang,rust,33327,33189
rust-lang,rust,28727,28717
rust-lang,rust,42089,42081
rust-lang,rust,15809,15707
rust-lang,rust,19171,19146
rust-lang,rust,26190,21830
rust-lang,rust,19948,19885
rust-lang,rust,37862,36895
rust-lang,rust,22081,22076
rust-lang,rust,7202,7146
rust-lang,rust,23845,23843
rust-lang,rust,22759,22172
rust-lang,rust,19702,19701
rust-lang,rust,8080,8074
rust-lang,rust,15847,15115
rust-lang,rust,23413,23409
rust-lang,rust,32516,31794
rust-lang,rust,36222,35395
rust-lang,rust,9316,9315
rust-lang,rust,19388,504
rust-lang,rust,23796,23727
rust-lang,rust,12200,11980
rust-lang,rust,9643,9594
rust-lang,rust,12941,12933
rust-lang,rust,19705,19701
rust-lang,rust,9606,9604
rust-lang,rust,34045,34026
rust-lang,rust,34669,34663
rust-lang,rust,34253,33738
rust-lang,rust,19657,19576
rust-lang,rust,19463,19387
rust-lang,rust,19876,19763
rust-lang,rust,11388,11364
rust-lang,rust,17088,16991
rust-lang,rust,11301,11281
rust-lang,rust,22626,22545
rust-lang,rust,42631,42059
rust-lang,rust,23988,23967
rust-lang,rust,11405,11398
rust-lang,rust,22657,22545
rust-lang,rust,42418,42413
rust-lang,rust,19980,19974
rust-lang,rust,17063,17029
rust-lang,rust,21355,21185
rust-lang,rust,31138,31099
rust-lang,rust,14931,14900
rust-lang,rust,32942,32864
rust-lang,rust,7547,7494
rust-lang,rust,40082,40026
rust-lang,rust,7270,7226
rust-lang,rust,19486,18770
rust-lang,rust,20677,20562
rust-lang,rust,7707,7676
rust-lang,rust,22055,21968
rust-lang,rust,16714,14883
rust-lang,rust,9526,9506
rust-lang,rust,19904,19881
rust-lang,rust,11314,11313
rust-lang,rust,28564,28531
rust-lang,rust,27100,26955
rust-lang,rust,20437,20380
rust-lang,rust,5663,5660
rust-lang,rust,38152,37493
rust-lang,rust,7865,7858
rust-lang,rust,12503,12484
rails,rails,20193,20125
rails,rails,7868,5396
rails,rails,27589,27588
rails,rails,22308,9264
rails,rails,25240,25225
rails,rails,20813,13869
rails,rails,20902,20900
rails,rails,23974,23649
rails,rails,2679,1333
rails,rails,21302,11173
rails,rails,6060,5587
rails,rails,15674,13428
rails,rails,15683,14847
rails,rails,21144,12670
rails,rails,6895,3008
rails,rails,13236,13195
rails,rails,23155,23146
rails,rails,19571,19435
rails,rails,6743,5264
rails,rails,21449,21447
rails,rails,26882,18942
rails,rails,10718,7010
rails,rails,17874,17873
rails,rails,12746,12072
rails,rails,5088,4874
rails,rails,20697,20050
rails,rails,23284,18726
rails,rails,15260,15251
rails,rails,8175,7350
rails,rails,15674,13606
rails,rails,12962,12252
rails,rails,8185,7145
rails,rails,15950,15195
rails,rails,15224,5892
rails,rails,13262,12132
rails,rails,16049,12118
rails,rails,22500,22461
rails,rails,24157,18313
rails,rails,19096,12177
rails,rails,16964,11173
rails,rails,10606,10482
rails,rails,24450,23103
rails,rails,18989,18742
rails,rails,13455,8920
rails,rails,28776,27331
rails,rails,27266,27265
rails,rails,6743,2523
rails,rails,21572,17169
rails,rails,17678,11518
rails,rails,10417,9717
rails,rails,23816,23792
rails,rails,5927,5710
rails,rails,28235,28139
rails,rails,22534,18412
rails,rails,23269,23242
rails,rails,17229,16130
rails,rails,22737,22727
rails,rails,18157,11867
rails,rails,24608,24493
rails,rails,8646,8546
rails,rails,11659,10887
rails,rails,7350,3457
rails,rails,22270,19789
rails,rails,26266,24962
rails,rails,8742,8737
rails,rails,10534,10057
rails,rails,18706,9052
rails,rails,28287,14012
rails,rails,10592,10585
rails,rails,13306,13295
rails,rails,14253,11867
rails,rails,23310,23307
rails,rails,18896,16400
rails,rails,22702,22696
rails,rails,24386,24379
rails,rails,27768,27121
rails,rails,26797,26357
rails,rails,28399,28068
rails,rails,3070,3064
rails,rails,15845,13685
rails,rails,6936,1777
rails,rails,13900,13715
rails,rails,15458,10077
rails,rails,9054,9042
rails,rails,18085,16625
rails,rails,19772,17885
rails,rails,14438,12743
rails,rails,12144,10538
rails,rails,24119,14141
rails,rails,16257,12136
rails,rails,11202,11201
rails,rails,27615,18799
rails,rails,22686,22570
rails,rails,14509,12519
rails,rails,18706,10891
rails,rails,7661,7658
rails,rails,5279,5273
rails,rails,19501,16146
rails,rails,25976,25921
rails,rails,8919,8741
rails,rails,11676,11496
rails,rails,26869,26643
rails,rails,13509,13348
rails,rails,17885,17668
rails,rails,25828,25355
rails,rails,2062,1139
rails,rails,21836,21828
rails,rails,14030,12413
rails,rails,19936,19844
rails,rails,27414,27356
rails,rails,10748,10740
rails,rails,27503,25276
rails,rails,27254,26686
rails,rails,22691,22685
rails,rails,15569,14519
rails,rails,16796,13548
rails,rails,19021,11183
rails,rails,16890,16889
rails,rails,22283,22221
rails,rails,6313,6210
rails,rails,21414,17502
rails,rails,25218,25192
rails,rails,10905,10846
rails,rails,15720,8639
rails,rails,5283,5281
rails,rails,10738,10737
rails,rails,23827,22854
rails,rails,14203,14201
rails,rails,13691,13014
rails,rails,23338,16558
rails,rails,18383,16122
rails,rails,1270,496
rails,rails,10617,10616
rails,rails,11869,11496
rails,rails,23976,23665
rails,rails,6557,6477
rails,rails,24890,22159
rails,rails,13886,12056
rails,rails,13115,12873
rails,rails,15674,12717
rails,rails,28776,25496
rails,rails,8064,5384
rails,rails,23206,23205
rails,rails,23867,23863
rails,rails,19635,15569
rails,rails,22254,21763
rails,rails,5746,4205
rails,rails,4799,4794
rails,rails,28592,22245
rails,rails,16366,15234
rails,rails,28729,28727
rails,rails,20468,17885
rails,rails,3591,3066
rails,rails,25280,24742
rails,rails,13580,13579
rails,rails,18856,18778
rails,rails,12317,11983
rails,rails,9189,9188
rails,rails,27503,25054
rails,rails,6482,6471
rails,rails,26788,26527
rails,rails,10992,10920
rails,rails,28355,27198
rails,rails,15674,13792
rails,rails,26165,23235
rails,rails,5244,4148
rails,rails,22933,22932
rails,rails,20866,20021
rails,rails,24719,21908
rails,rails,17231,17192
rails,rails,18754,8225
rails,rails,17360,16367
rails,rails,27840,27787
rails,rails,25221,23376
rails,rails,12222,12088
rails,rails,13029,13028
rails,rails,12760,12124
rails,rails,27034,26928
rails,rails,17810,17112
rails,rails,16310,12796
rails,rails,25178,20112
rails,rails,13564,13492
rails,rails,5023,2630
rails,rails,23972,23684
rails,rails,22462,20761
rails,rails,6743,6498
rails,rails,24233,24180
rails,rails,21160,21135
rails,rails,20828,12286
rails,rails,7305,6943
rails,rails,21274,21250
rails,rails,13867,13866
rails,rails,15764,15162
rails,rails,26555,26548
rails,rails,25240,24741
rails,rails,21229,19327
rails,rails,8208,7312
rails,rails,13455,9448
rails,rails,25884,25780
docker,docker,20206,20205
docker,docker,20816,20686
docker,docker,4270,3956
docker,docker,8616,8614
docker,docker,16172,16149
docker,docker,13939,13041
docker,docker,10126,10005
docker,docker,30290,29121
docker,docker,12768,12180
docker,docker,32237,31744
docker,docker,6178,6061
docker,docker,9230,9215
docker,docker,10843,10833
docker,docker,29850,29733
docker,docker,7666,7658
docker,docker,3332,3303
docker,docker,22099,22098
docker,docker,30281,29702
docker,docker,12424,12282
docker,docker,5226,5131
docker,docker,29218,29138
docker,docker,15001,14957
docker,docker,14991,14910
docker,docker,4231,4203
docker,docker,1443,1442
docker,docker,21801,21723
docker,docker,1312,607
docker,docker,16512,16009
docker,docker,5929,5921
docker,docker,25158,25133
docker,docker,1778,1775
docker,docker,27160,26987
docker,docker,6766,6579
docker,docker,15479,14868
docker,docker,15749,14513
docker,docker,12299,11857
docker,docker,1645,1644
docker,docker,12920,10255
docker,docker,12416,11857
docker,docker,31352,29766
docker,docker,7163,7155
docker,docker,9426,9405
docker,docker,7717,7716
docker,docker,19137,18887
docker,docker,4247,4231
docker,docker,2295,1577
docker,docker,12445,12416
docker,docker,4723,4601
docker,docker,1775,1774
docker,docker,14196,13923
docker,docker,4989,4976
docker,docker,2937,2906
docker,docker,1624,1565
docker,docker,11794,11782
docker,docker,7946,7945
docker,docker,4194,3853
docker,docker,19760,19693
docker,docker,756,743
docker,docker,11632,10992
docker,docker,16406,16403
docker,docker,9715,9233
ceph,ceph,13270,13255
ceph,ceph,8622,8621
ceph,ceph,15543,14981
ceph,ceph,13959,13401
ceph,ceph,7198,7189
ceph,ceph,8749,8234
ceph,ceph,9300,7973
ceph,ceph,5730,4861
ceph,ceph,11128,10715
ceph,ceph,13178,12997
ceph,ceph,12847,12845
ceph,ceph,3236,3233
ceph,ceph,5067,5018
ceph,ceph,14088,13658
ceph,ceph,11679,11643
ceph,ceph,11990,11646
ceph,ceph,847,710
ceph,ceph,4276,4245
ceph,ceph,13358,13269
ceph,ceph,8449,8226
ceph,ceph,8139,8015
ceph,ceph,11618,11612
ceph,ceph,4887,4776
ceph,ceph,14771,14625
ceph,ceph,14487,14394
ceph,ceph,15373,15358
ceph,ceph,14578,14548
ceph,ceph,14616,13592
ceph,ceph,10678,10644
ceph,ceph,8260,7289
ceph,ceph,13270,13232
ceph,ceph,6039,5714
ceph,ceph,4890,4687
ceph,ceph,11743,11734
ceph,ceph,6029,5987
ceph,ceph,11628,11453
ceph,ceph,14828,14578
ceph,ceph,8903,8470
ceph,ceph,8397,8396
ceph,ceph,12165,11969
ceph,ceph,10411,9263
ceph,ceph,5208,5205
ceph,ceph,13506,13450
ceph,ceph,10797,10651
ceph,ceph,13505,13503
ceph,ceph,15536,15423
ceph,ceph,13204,12045
ceph,ceph,7037,7033
ceph,ceph,14576,14535
ceph,ceph,6894,6863
ceph,ceph,11363,11353
ceph,ceph,7287,7164
ceph,ceph,15414,15412
ceph,ceph,13131,13127
ceph,ceph,8736,8715
ceph,ceph,9393,9367
ceph,ceph,4949,3273
ceph,ceph,10438,10427
ceph,ceph,11649,11031
ceph,ceph,14311,14135
ceph,ceph,9176,9173
ceph,ceph,13332,13300
ceph,ceph,7056,6898
ceph,ceph,11466,11056
ceph,ceph,9581,8754
ceph,ceph,10797,10787
ceph,ceph,5778,5744
ceph,ceph,8979,8846
ceph,ceph,8627,8590
ceph,ceph,8524,8521
ceph,ceph,6250,6108
ceph,ceph,15044,15041
ceph,ceph,8853,8847
ceph,ceph,11433,10793
ceph,ceph,15424,15423
ceph,ceph,5020,4898
ceph,ceph,7968,7958
ceph,ceph,14082,11891
ceph,ceph,7415,7399
ceph,ceph,15634,15628
ceph,ceph,6940,4350
ceph,ceph,13643,13450
ceph,ceph,13378,13367
ceph,ceph,7013,6916
ceph,ceph,11587,11581
ceph,ceph,13705,13170
ceph,ceph,8027,8024
ceph,ceph,15068,15008
ceph,ceph,5309,5173
ceph,ceph,14577,14535
ceph,ceph,11182,10185
ceph,ceph,6756,6694
ceph,ceph,9006,8853
ceph,ceph,12581,12499
ceph,ceph,13179,13001
ceph,ceph,9264,9242
ceph,ceph,4491,4252
ceph,ceph,13395,13320
ceph,ceph,9862,9845
ceph,ceph,8483,8408
ceph,ceph,11287,11254
ceph,ceph,11626,11556
ceph,ceph,8108,8060
ceph,ceph,7199,7136
symfony,symfony,13598,12470
symfony,symfony,233,228
symfony,symfony,20713,19576
symfony,symfony,5909,4309
symfony,symfony,14069,14061
symfony,symfony,9377,8133
symfony,symfony,2396,2181
symfony,symfony,14803,14539
symfony,symfony,7825,7713
symfony,symfony,18710,17136
symfony,symfony,19186,18788
symfony,symfony,14785,14734
symfony,symfony,10683,10649
symfony,symfony,21517,19684
symfony,symfony,20219,20204
symfony,symfony,8441,8350
symfony,symfony,15975,14235
symfony,symfony,177,161
symfony,symfony,13479,10071
symfony,symfony,5193,5075
symfony,symfony,8764,8213
symfony,symfony,7767,7743
symfony,symfony,17635,11311
symfony,symfony,1025,1023
symfony,symfony,15987,15984
symfony,symfony,20522,20492
symfony,symfony,12394,12382
symfony,symfony,12394,12381
symfony,symfony,10123,10007
symfony,symfony,18143,18136
symfony,symfony,3378,3057
symfony,symfony,13060,12662
symfony,symfony,12148,10309
symfony,symfony,22424,22134
symfony,symfony,640,638
symfony,symfony,14561,14399
symfony,symfony,14448,13856
symfony,symfony,11412,11074
symfony,symfony,16148,16146
symfony,symfony,10568,10253
symfony,symfony,22805,22749
symfony,symfony,15005,14680
symfony,symfony,20786,20750
symfony,symfony,16527,16031
symfony,symfony,9005,9002
symfony,symfony,13867,13811
symfony,symfony,12967,12963
symfony,symfony,16049,16046
symfony,symfony,16865,16822
symfony,symfony,17760,17372
symfony,symfony,13636,13634
symfony,symfony,12773,11883
symfony,symfony,14306,14286
symfony,symfony,10567,10515
symfony,symfony,12156,11021
symfony,symfony,19959,19745
symfony,symfony,3057,3002
symfony,symfony,11400,56
symfony,symfony,22871,22869
symfony,symfony,9148,7999
symfony,symfony,21461,20495
symfony,symfony,21865,15557
symfony,symfony,14538,14531
symfony,symfony,9015,9002
symfony,symfony,20814,20717
symfony,symfony,21341,21325
symfony,symfony,12778,12522
symfony,symfony,15921,15886
symfony,symfony,142,79
symfony,symfony,16062,15301
symfony,symfony,11618,11533
symfony,symfony,1439,1435
symfony,symfony,12550,10786
symfony,symfony,13587,12355
symfony,symfony,7386,6515
symfony,symfony,13071,11129
symfony,symfony,18342,18340
symfony,symfony,17138,16775
symfony,symfony,13060,12712
symfony,symfony,10500,10498
symfony,symfony,13033,12838
symfony,symfony,22626,22607
symfony,symfony,8451,7887
symfony,symfony,15530,14770
symfony,symfony,15530,9682
symfony,symfony,15250,15067
symfony,symfony,13800,13762
symfony,symfony,11993,11687
symfony,symfony,6603,6583
symfony,symfony,17385,14506
symfony,symfony,20555,20553
symfony,symfony,20190,19492
symfony,symfony,17267,13657
symfony,symfony,20224,20173
symfony,symfony,20224,20175
symfony,symfony,7346,7344
symfony,symfony,4515,4320
symfony,symfony,3820,3636
symfony,symfony,15930,15301
symfony,symfony,6905,5410
symfony,symfony,21062,11954
symfony,symfony,9869,9868
symfony,symfony,12930,12889
symfony,symfony,10877,10876
symfony,symfony,6293,5401
symfony,symfony,1609,1386
symfony,symfony,11757,11431
symfony,symfony,17760,17755
symfony,symfony,5514,5467
symfony,symfony,7442,7392
symfony,symfony,10354,10249
symfony,symfony,17997,17981
symfony,symfony,2934,2797
symfony,symfony,20118,19971
symfony,symfony,11651,11516
symfony,symfony,19888,19614
symfony,symfony,20210,17771
symfony,symfony,12386,12382
symfony,symfony,17097,17095
symfony,symfony,12386,12381
symfony,symfony,21179,21177
symfony,symfony,12109,11327
symfony,symfony,1857,1852
symfony,symfony,22983,22968
symfony,symfony,14496,14351
symfony,symfony,20858,20743
symfony,symfony,6688,6684
symfony,symfony,9199,8940
symfony,symfony,21077,19586
symfony,symfony,417,53
symfony,symfony,12758,12757
symfony,symfony,10254,7051
symfony,symfony,9754,7985
symfony,symfony,5457,5391
symfony,symfony,21408,20836
symfony,symfony,16862,5664
symfony,symfony,9748,9737
symfony,symfony,13701,13672
symfony,symfony,10179,8313
symfony,symfony,12541,12539
symfony,symfony,17468,17136
symfony,symfony,20715,20713
symfony,symfony,15043,15040
symfony,symfony,6583,6450
symfony,symfony,3378,3002
symfony,symfony,10338,10334
symfony,symfony,16866,16795
symfony,symfony,17837,17831
symfony,symfony,12395,12382
symfony,symfony,12395,12381
symfony,symfony,21381,21362
symfony,symfony,9843,9764
symfony,symfony,22656,22234
symfony,symfony,9099,7512
symfony,symfony,8874,8851
symfony,symfony,8300,7766
symfony,symfony,11498,11478
symfony,symfony,17684,17672
symfony,symfony,5171,4309
symfony,symfony,5170,5169
symfony,symfony,17434,16202
symfony,symfony,9027,9019
symfony,symfony,3359,3358
symfony,symfony,260,228
symfony,symfony,13495,5291
symfony,symfony,17053,16825
symfony,symfony,17543,10539
symfony,symfony,20757,19492
symfony,symfony,15328,15251
symfony,symfony,22889,22872
symfony,symfony,12056,12047
symfony,symfony,277,276
symfony,symfony,20545,18726
symfony,symfony,21183,20857
symfony,symfony,21984,21968
symfony,symfony,21241,20793
symfony,symfony,12392,12381
symfony,symfony,4954,4940
symfony,symfony,10970,10179
symfony,symfony,11269,11238
symfony,symfony,13286,13282
symfony,symfony,9785,9689
symfony,symfony,13060,12735
symfony,symfony,9613,8313
symfony,symfony,7571,7216
symfony,symfony,22896,22892
symfony,symfony,12314,6910
symfony,symfony,13027,12889
symfony,symfony,13661,13449
symfony,symfony,1492,1482
symfony,symfony,16177,16100
symfony,symfony,10276,10248
symfony,symfony,7739,6798
symfony,symfony,11295,9719
symfony,symfony,1539,1531
symfony,symfony,12755,12739
symfony,symfony,14205,14197
symfony,symfony,833,781
symfony,symfony,16706,16703
symfony,symfony,17427,17393
symfony,symfony,2048,2035
symfony,symfony,20811,20381
symfony,symfony,9350,6147
symfony,symfony,6753,6259
symfony,symfony,18254,18134
symfony,symfony,12382,12381
symfony,symfony,22821,22740
symfony,symfony,5818,5786
symfony,symfony,5522,4937
symfony,symfony,9754,9713
symfony,symfony,19448,19434
symfony,symfony,12392,12382
symfony,symfony,17241,17240
symfony,symfony,22793,22786
symfony,symfony,19211,19207
symfony,symfony,6267,790
symfony,symfony-docs,4861,4840
symfony,symfony-docs,5605,5188
symfony,symfony-docs,4861,4847
symfony,symfony-docs,6821,6800
symfony,symfony-docs,4861,4849
symfony,symfony-docs,5205,5197
symfony,symfony-docs,5245,5203
symfony,symfony-docs,2085,2084
symfony,symfony-docs,7565,6393
symfony,symfony-docs,3376,3345
symfony,symfony-docs,6630,6626
symfony,symfony-docs,7090,6927
symfony,symfony-docs,4589,4533
symfony,symfony-docs,5876,5788
symfony,symfony-docs,8014,8009
symfony,symfony-docs,1472,1453
symfony,symfony-docs,6214,6104
symfony,symfony-docs,6131,6108
symfony,symfony-docs,3142,3117
symfony,symfony-docs,4550,4539
symfony,symfony-docs,5764,5761
symfony,symfony-docs,7528,2349
symfony,symfony-docs,3494,3463
symfony,symfony-docs,1496,1473
symfony,symfony-docs,4861,4814
symfony,symfony-docs,5231,5203
symfony,symfony-docs,7527,6471
symfony,symfony-docs,1454,1448
symfony,symfony-docs,1454,1447
symfony,symfony-docs,6283,6172
symfony,symfony-docs,6152,6089
symfony,symfony-docs,6123,6121
symfony,symfony-docs,4591,4545
symfony,symfony-docs,6210,6199
symfony,symfony-docs,4558,4533
symfony,symfony-docs,5214,4773
symfony,symfony-docs,1040,1038
symfony,symfony-docs,3811,3792
symfony,symfony-docs,6323,6322
symfony,symfony-docs,7328,7299
symfony,symfony-docs,8008,7993
symfony,symfony-docs,4512,4188
symfony,symfony-docs,4071,4068
symfony,symfony-docs,1379,1378
symfony,symfony-docs,6490,6488
symfony,symfony-docs,4567,4564
symfony,symfony-docs,6576,6419
symfony,symfony-docs,7824,7770
symfony,symfony-docs,2335,2280
symfony,symfony-docs,5203,5197
symfony,symfony-docs,2830,2742
symfony,symfony-docs,3495,3477
symfony,symfony-docs,6841,6833
symfony,symfony-docs,4221,4105
symfony,symfony-docs,7830,7547
symfony,symfony-docs,5727,5695
symfony,symfony-docs,4897,4880
symfony,symfony-docs,3459,3455
symfony,symfony-docs,3670,3669
symfony,symfony-docs,4385,4168
symfony,symfony-docs,3387,3330
symfony,symfony-docs,1412,1408
symfony,symfony-docs,6847,6825
symfony,symfony-docs,3873,3872
symfony,symfony-docs,6826,6800
symfony,symfony-docs,7791,7088
symfony,symfony-docs,4489,4412
symfony,symfony-docs,7344,6610
symfony,symfony-docs,6047,5974
symfony,symfony-docs,3685,3650
symfony,symfony-docs,4573,4188
symfony,symfony-docs,7719,7718
symfony,symfony-docs,3512,3504
symfony,symfony-docs,6473,6459
symfony,symfony-docs,4861,4806
symfony,symfony-docs,2708,2702
symfony,symfony-docs,3571,3551
symfony,symfony-docs,4560,4557
symfony,symfony-docs,5946,5942
symfony,symfony-docs,3064,3049
symfony,symfony-docs,6491,6490
symfony,symfony-docs,6150,5942
symfony,symfony-docs,837,834
symfony,symfony-docs,7800,7128
symfony,symfony-docs,3606,3568
symfony,symfony-docs,3041,3007
symfony,symfony-docs,3606,3567
symfony,symfony-docs,592,591
symfony,symfony-docs,4861,4810
symfony,symfony-docs,4981,4644
symfony,symfony-docs,6148,5942
symfony,symfony-docs,4701,4695
symfony,symfony-docs,7725,7587
symfony,symfony-docs,2918,2898
symfony,symfony-docs,1488,1013
symfony,symfony-docs,5945,5942
symfony,symfony-docs,3817,3816
symfony,symfony-docs,5208,5182
symfony,symfony-docs,2957,2904
symfony,symfony-docs,8032,8027
cocos2d,cocos2d-x,13518,13363
cocos2d,cocos2d-x,13778,12071
cocos2d,cocos2d-x,12762,11952
cocos2d,cocos2d-x,8640,8204
cocos2d,cocos2d-x,9218,9166
cocos2d,cocos2d-x,10909,9118
cocos2d,cocos2d-x,2540,2538
cocos2d,cocos2d-x,7561,7501
cocos2d,cocos2d-x,2212,2174
cocos2d,cocos2d-x,6951,6939
cocos2d,cocos2d-x,4107,4087
cocos2d,cocos2d-x,1266,1198
cocos2d,cocos2d-x,1428,1421
cocos2d,cocos2d-x,10439,10425
cocos2d,cocos2d-x,5018,3861
cocos2d,cocos2d-x,10800,10340
cocos2d,cocos2d-x,16838,16812
cocos2d,cocos2d-x,5423,3306
cocos2d,cocos2d-x,13913,13877
cocos2d,cocos2d-x,10526,10485
cocos2d,cocos2d-x,6734,6670
cocos2d,cocos2d-x,7008,6876
cocos2d,cocos2d-x,3276,3275
cocos2d,cocos2d-x,5927,5925
cocos2d,cocos2d-x,6588,6553
cocos2d,cocos2d-x,1431,1422
cocos2d,cocos2d-x,6182,6159
cocos2d,cocos2d-x,6726,5978
cocos2d,cocos2d-x,17756,17670
cocos2d,cocos2d-x,2873,2871
cocos2d,cocos2d-x,5013,3872
cocos2d,cocos2d-x,5197,5185
cocos2d,cocos2d-x,14727,14712
cocos2d,cocos2d-x,5918,5683
cocos2d,cocos2d-x,11540,3860
cocos2d,cocos2d-x,15377,15376
cocos2d,cocos2d-x,9257,9057
cocos2d,cocos2d-x,11583,11441
cocos2d,cocos2d-x,2370,2142
cocos2d,cocos2d-x,13125,13092
cocos2d,cocos2d-x,5782,5769
cocos2d,cocos2d-x,12083,10362
cocos2d,cocos2d-x,10426,10388
cocos2d,cocos2d-x,13640,13634
cocos2d,cocos2d-x,5422,3251
cocos2d,cocos2d-x,4927,4925
cocos2d,cocos2d-x,16751,16597
cocos2d,cocos2d-x,9963,9901
cocos2d,cocos2d-x,16620,16384
cocos2d,cocos2d-x,5008,3981
cocos2d,cocos2d-x,13084,11640
cocos2d,cocos2d-x,5496,3639
cocos2d,cocos2d-x,4571,4562
cocos2d,cocos2d-x,3209,3189
cocos2d,cocos2d-x,13982,13843
cocos2d,cocos2d-x,2327,2212
cocos2d,cocos2d-x,709,707
ansible,ansible,10147,9625
ansible,ansible,8242,8045
ansible,ansible,11259,11115
ansible,ansible,10311,10022
ansible,ansible,6199,6138
ansible,ansible,12760,12758
ansible,ansible,9490,7287
ansible,ansible,25375,23107
ansible,ansible,8911,8396
ansible,ansible,3025,3024
ansible,ansible,20124,19143
ansible,ansible,17551,16976
ansible,ansible,11461,11459
ansible,ansible,20840,16160
ansible,ansible,15811,15796
ansible,ansible,15738,14300
ansible,ansible,9825,7601
ansible,ansible,22325,21952
ansible,ansible,24804,24722
ansible,ansible,10620,10358
ansible,ansible,9032,7639
ansible,ansible,23662,22393
ansible,ansible,15400,15058
ansible,ansible,4502,4176
ansible,ansible,19167,19143
ansible,ansible,7588,7530
ansible,ansible,5287,4977
ansible,ansible,2709,2702
ansible,ansible,12704,11657
ansible,ansible,11740,8694
ansible,ansible,23739,23703
ansible,ansible,5275,5140
ansible,ansible,25698,21100
ansible,ansible,23233,23102
ansible,ansible,19228,19049
ansible,ansible,11616,11595
ansible,ansible,22383,22301
ansible,ansible,9386,6846
ansible,ansible,20087,20052
ansible,ansible,7838,7762
ansible,ansible,23367,19808
ansible,ansible,13203,10358
ansible,ansible,23029,22779
ansible,ansible,24334,22751
ansible,ansible,9366,8676
ansible,ansible,6638,6595
ansible,ansible,5106,4938
ansible,ansible,24056,23936
ansible,ansible,10174,10069
ansible,ansible,12528,12140
ansible,ansible,6164,5480
ansible,ansible,12416,12405
ansible,ansible,11127,10819
ansible,ansible,7480,6931
ansible,ansible,7943,6049
ansible,ansible,23748,23732
ansible,ansible,25039,19015
ansible,ansible,10295,8382
ansible,ansible,10258,9565
ansible,ansible,21926,21920
ansible,ansible,8088,7408
ansible,ansible,15533,14368
ansible,ansible,8190,8175
ansible,ansible,24789,24722
ansible,ansible,8845,8526
ansible,ansible,18634,18616
ansible,ansible,22620,22521
ansible,ansible,19263,18999
ansible,ansible,20476,20059
ansible,ansible,15451,15196
ansible,ansible,7997,7709
ansible,ansible,15811,15688
ansible,ansible,13622,13609
ansible,ansible,8369,8028
ansible,ansible,10202,8345
ansible,ansible,4799,4798
ansible,ansible,9505,9445
ansible,ansible,14924,14595
ansible,ansible,24798,23001
ansible,ansible,25039,24654
ansible,ansible,14355,13283
ansible,ansible,8935,4929
ansible,ansible,4508,4189
ansible,ansible,2366,2282
ansible,ansible,4674,4669
ansible,ansible,20190,18567
ansible,ansible,7874,6873
ansible,ansible,5901,4033
ansible,ansible,20610,15608
ansible,ansible,21546,20405
ansible,ansible,25791,24576
ansible,ansible,6967,6859
ansible,ansible,12764,9271
ansible,ansible,6597,6595
ansible,ansible,22182,19448
ansible,ansible,20943,20423
ansible,ansible,2662,2608
ansible,ansible,24100,23467
ansible,ansible,8093,8072
ansible,ansible,6923,6599
ansible,ansible,7896,7530
ansible,ansible,5287,4034
ansible,ansible,20840,14583
dotnet,corefx,2694,2675
dotnet,corefx,12873,12863
dotnet,corefx,3267,3264
dotnet,corefx,9312,9310
dotnet,corefx,6337,6335
dotnet,corefx,6202,6181
dotnet,corefx,20697,20599
dotnet,corefx,17428,17419
dotnet,corefx,10718,10715
dotnet,corefx,4160,4157
dotnet,corefx,19477,19463
dotnet,corefx,6089,6058
dotnet,corefx,14641,14631
dotnet,corefx,10460,10450
dotnet,corefx,8741,8740
dotnet,corefx,3686,3046
dotnet,corefx,9113,9112
dotnet,corefx,15044,14939
dotnet,corefx,16826,16814
dotnet,corefx,6585,6194
dotnet,corefx,7627,7610
dotnet,corefx,5345,5327
dotnet,corefx,34,32
dotnet,corefx,419,406
dotnet,corefx,441,438
dotnet,corefx,17151,17137
dotnet,corefx,7925,7886
dotnet,corefx,9560,9557
dotnet,corefx,7562,6293
dotnet,corefx,16069,9537
elastic,elasticsearch,13573,13482
elastic,elasticsearch,8373,7891
elastic,elasticsearch,6303,4586
elastic,elasticsearch,6814,5587
elastic,elasticsearch,18214,18193
elastic,elasticsearch,5097,5090
elastic,elasticsearch,16865,16478
elastic,elasticsearch,14993,13627
elastic,elasticsearch,22960,20909
elastic,elasticsearch,10923,10854
elastic,elasticsearch,22038,21702
elastic,elasticsearch,10789,10672
elastic,elasticsearch,6576,6562
elastic,elasticsearch,20219,15299
elastic,elasticsearch,18545,16731
elastic,elasticsearch,14639,14579
elastic,elasticsearch,7068,6920
elastic,elasticsearch,8729,8148
elastic,elasticsearch,6082,6078
elastic,elasticsearch,9789,9718
elastic,elasticsearch,12209,11646
elastic,elasticsearch,12027,7965
elastic,elasticsearch,8775,8774
elastic,elasticsearch,17398,15470
elastic,elasticsearch,13643,8742
elastic,elasticsearch,7897,7888
elastic,elasticsearch,25209,20852
elastic,elasticsearch,9570,7057
elastic,elasticsearch,17271,17264
elastic,elasticsearch,11512,8376
elastic,elasticsearch,23520,23517
elastic,elasticsearch,7744,6531
elastic,elasticsearch,14537,12457
elastic,elasticsearch,9570,6800
elastic,elasticsearch,16660,16659
elastic,elasticsearch,6124,2326
elastic,elasticsearch,12710,12692
elastic,elasticsearch,15785,8208
elastic,elasticsearch,14935,14766
elastic,elasticsearch,17985,15114
elastic,elasticsearch,8111,8091
elastic,elasticsearch,7454,7413
elastic,elasticsearch,13845,13711
elastic,elasticsearch,19880,19845
elastic,elasticsearch,15266,10100
elastic,elasticsearch,10582,10499
elastic,elasticsearch,11570,7929
elastic,elasticsearch,21912,21447
elastic,elasticsearch,4993,1464
elastic,elasticsearch,20545,20407
elastic,elasticsearch,6814,6216
elastic,elasticsearch,6976,6162
elastic,elasticsearch,19594,19489
elastic,elasticsearch,15278,7704
elastic,elasticsearch,10654,10525
elastic,elasticsearch,10649,10482
elastic,elasticsearch,5652,5203
elastic,elasticsearch,7853,7852
elastic,elasticsearch,22336,21243
elastic,elasticsearch,11315,9735
elastic,elasticsearch,12044,11674
elastic,elasticsearch,13023,13013
joomla,joomla-cms,2437,2436
joomla,joomla-cms,2510,2471
joomla,joomla-cms,2408,2386
joomla,joomla-cms,4896,3602
joomla,joomla-cms,2763,780
joomla,joomla-cms,8475,8467
joomla,joomla-cms,8693,8296
joomla,joomla-cms,11554,8991
joomla,joomla-cms,2112,2030
joomla,joomla-cms,12861,12846
joomla,joomla-cms,4109,2604
joomla,joomla-cms,15633,15618
joomla,joomla-cms,15618,15427
joomla,joomla-cms,5238,3182
joomla,joomla-cms,14073,14069
joomla,joomla-cms,1365,1362
joomla,joomla-cms,1365,1361
joomla,joomla-cms,13672,11061
joomla,joomla-cms,16146,13500
joomla,joomla-cms,2198,2196
joomla,joomla-cms,4739,4517
joomla,joomla-cms,4197,2316
joomla,joomla-cms,13417,12588
joomla,joomla-cms,2640,2639
joomla,joomla-cms,2640,2638
joomla,joomla-cms,13019,12695
joomla,joomla-cms,4013,2475
joomla,joomla-cms,10817,4127
joomla,joomla-cms,1140,1122
joomla,joomla-cms,14958,14750
joomla,joomla-cms,4374,3024
joomla,joomla-cms,3432,3093
joomla,joomla-cms,10143,10117
joomla,joomla-cms,5276,4363
joomla,joomla-cms,9622,6796
joomla,joomla-cms,2612,2596
joomla,joomla-cms,4257,4229
joomla,joomla-cms,14139,11288
joomla,joomla-cms,2070,2056
joomla,joomla-cms,9121,8394
joomla,joomla-cms,1221,540
joomla,joomla-cms,14792,14787
joomla,joomla-cms,7342,5956
joomla,joomla-cms,3182,3151
joomla,joomla-cms,3188,2681
joomla,joomla-cms,942,941
joomla,joomla-cms,14139,12841
joomla,joomla-cms,6641,6629
joomla,joomla-cms,8555,6756
joomla,joomla-cms,13495,11764
joomla,joomla-cms,9569,7554
joomla,joomla-cms,8284,8268
joomla,joomla-cms,3274,1620
joomla,joomla-cms,3127,1240
joomla,joomla-cms,8398,7731
joomla,joomla-cms,2217,2213
joomla,joomla-cms,3533,3246
joomla,joomla-cms,2366,1731
joomla,joomla-cms,5189,4726
joomla,joomla-cms,7778,7145
joomla,joomla-cms,5888,5664
joomla,joomla-cms,9330,6132
joomla,joomla-cms,6686,6589
joomla,joomla-cms,3222,1469
joomla,joomla-cms,3114,3088
joomla,joomla-cms,3262,1449
joomla,joomla-cms,1516,559
joomla,joomla-cms,2763,872
joomla,joomla-cms,15987,15704
joomla,joomla-cms,10168,9095
joomla,joomla-cms,10241,6317
joomla,joomla-cms,3687,3565
joomla,joomla-cms,7097,6660
joomla,joomla-cms,3463,1520
joomla,joomla-cms,9622,9382
joomla,joomla-cms,10793,10764
joomla,joomla-cms,2589,972
joomla,joomla-cms,8365,7487
joomla,joomla-cms,5293,3602
joomla,joomla-cms,2589,2465
joomla,joomla-cms,14139,11524
joomla,joomla-cms,10753,9035
joomla,joomla-cms,15998,15138
joomla,joomla-cms,15200,15168
joomla,joomla-cms,1618,1611
joomla,joomla-cms,10817,6693
joomla,joomla-cms,12570,12564
joomla,joomla-cms,3097,2569
joomla,joomla-cms,5140,4936
joomla,joomla-cms,11164,10881
joomla,joomla-cms,3376,2494
joomla,joomla-cms,16143,16077
joomla,joomla-cms,5293,4870
joomla,joomla-cms,4751,4517
joomla,joomla-cms,8591,8106
joomla,joomla-cms,4267,4264
joomla,joomla-cms,12694,12373
joomla,joomla-cms,4015,3947
joomla,joomla-cms,4190,4188
joomla,joomla-cms,2610,2516
joomla,joomla-cms,3357,2831
joomla,joomla-cms,5967,5566
joomla,joomla-cms,3973,2739
joomla,joomla-cms,8586,8544
joomla,joomla-cms,8768,8350
joomla,joomla-cms,1515,1506
joomla,joomla-cms,7212,7041
joomla,joomla-cms,8574,8420
joomla,joomla-cms,1818,1619
joomla,joomla-cms,1111,971
joomla,joomla-cms,5374,3788
joomla,joomla-cms,2668,2018
joomla,joomla-cms,2986,2735
joomla,joomla-cms,14907,12625
joomla,joomla-cms,12795,12557
joomla,joomla-cms,3534,1500
joomla,joomla-cms,4515,4487
joomla,joomla-cms,2111,2029
joomla,joomla-cms,1279,1252
joomla,joomla-cms,7832,5368
joomla,joomla-cms,2690,2439
joomla,joomla-cms,7274,7235
joomla,joomla-cms,5935,3024
joomla,joomla-cms,6460,3510
joomla,joomla-cms,6861,6080
joomla,joomla-cms,4755,4517
joomla,joomla-cms,4211,3709
joomla,joomla-cms,5958,3648
joomla,joomla-cms,14752,13906
joomla,joomla-cms,1268,1267
joomla,joomla-cms,6439,4654
joomla,joomla-cms,9280,9274
joomla,joomla-cms,3387,1535
joomla,joomla-cms,2833,2789
joomla,joomla-cms,11764,11568
joomla,joomla-cms,3902,3840
joomla,joomla-cms,15238,15235
joomla,joomla-cms,4159,4147
joomla,joomla-cms,14626,13730
joomla,joomla-cms,11353,8039
joomla,joomla-cms,3988,3968
joomla,joomla-cms,13473,13464
joomla,joomla-cms,3913,2160
joomla,joomla-cms,10268,7830
joomla,joomla-cms,14082,13956
joomla,joomla-cms,3878,2330
joomla,joomla-cms,2636,2549
joomla,joomla-cms,10059,6767
joomla,joomla-cms,11138,8656
joomla,joomla-cms,1435,1430
joomla,joomla-cms,1365,1356
joomla,joomla-cms,6693,4127
JuliaLang,julia,14063,13758
JuliaLang,julia,10525,9607
JuliaLang,julia,14792,14784
JuliaLang,julia,13582,12819
JuliaLang,julia,11820,11751
JuliaLang,julia,12151,12147
JuliaLang,julia,11244,10525
JuliaLang,julia,13062,10835
JuliaLang,julia,13378,12986
JuliaLang,julia,16255,16253
JuliaLang,julia,14378,14310
JuliaLang,julia,14264,12503
JuliaLang,julia,16257,16215
JuliaLang,julia,5706,5565
JuliaLang,julia,21140,20535
JuliaLang,julia,11906,11828
JuliaLang,julia,8791,5572
JuliaLang,julia,16915,11848
JuliaLang,julia,12014,11721
JuliaLang,julia,12835,12776
JuliaLang,julia,17876,17870
JuliaLang,julia,21184,12584
JuliaLang,julia,20147,20047
JuliaLang,julia,16942,16917
JuliaLang,julia,19863,19856
JuliaLang,julia,9065,6115
JuliaLang,julia,16080,15892
JuliaLang,julia,12130,11421
JuliaLang,julia,17231,11888
JuliaLang,julia,13084,11547
JuliaLang,julia,22233,22169
JuliaLang,julia,21299,18688
JuliaLang,julia,19082,18973
JuliaLang,julia,14328,14262
JuliaLang,julia,18163,18125
JuliaLang,julia,16421,15212
JuliaLang,julia,14098,12904
JuliaLang,julia,8725,7108
JuliaLang,julia,20408,20405
JuliaLang,julia,12058,11242
JuliaLang,julia,8838,7108
JuliaLang,julia,18936,18658
servo,servo,11235,11191
servo,servo,4285,4233
servo,servo,3125,2882
servo,servo,13468,13444
servo,servo,8272,8257
servo,servo,4116,4096
servo,servo,14748,14746
servo,servo,7220,6880
servo,servo,8937,8936
servo,servo,11012,11000
servo,servo,10082,8641
servo,servo,13273,13256
servo,servo,14286,14269
servo,servo,6025,6024
servo,servo,9261,9254
servo,servo,14599,14583
servo,servo,1134,1133
servo,servo,11383,11340
servo,servo,4173,4057
servo,servo,3991,3895
servo,servo,6261,6258
servo,servo,14664,14312
servo,servo,12384,10942
servo,servo,8411,8404
servo,servo,8905,8901
servo,servo,9115,9114
servo,servo,6965,6957
servo,servo,16183,16182
servo,servo,12004,11989
servo,servo,9365,9363
servo,servo,7490,7117
servo,servo,8900,8884
servo,servo,9401,7832
servo,servo,2703,2645
servo,servo,15914,15904
servo,servo,14457,14449
servo,servo,7096,6409
servo,servo,13686,13435
servo,servo,512,497
servo,servo,14207,14170
servo,servo,7232,6579
servo,servo,16465,14771
servo,servo,14629,14628
servo,servo,5964,5941
servo,servo,8928,8923
servo,servo,17233,17229
servo,servo,5965,5941
servo,servo,14582,14581
servo,servo,5596,5595
servo,servo,8241,33
servo,servo,6823,6741
servo,servo,14737,12154
django,django,1971,1966
django,django,1690,1197
django,django,2425,2366
django,django,3060,1845
django,django,4419,4151
django,django,2152,1888
django,django,5324,5166
django,django,5628,5621
django,django,3938,3475
django,django,2706,2615
django,django,875,871
django,django,3521,3500
django,django,1758,1752
django,django,2388,2313
django,django,7644,7496
django,django,1328,1284
django,django,7329,7326
django,django,767,344
django,django,3410,3399
django,django,3503,3497
django,django,2564,2432
django,django,3847,3529
django,django,5756,5751
django,django,1995,1989
django,django,4115,3984
django,django,1489,1376
django,django,6207,6088
django,django,7135,6660
django,django,5052,5049
django,django,440,390
django,django,1123,629
django,django,2985,2959
django,django,8405,8303
django,django,4152,4143
django,django,6267,6266
django,django,5074,5066
django,django,6801,6758
django,django,1772,1763
django,django,5951,5742
django,django,1478,1435
django,django,2859,2408
django,django,1480,1478
django,django,3144,2861
django,django,5404,5378
django,django,5220,4250
django,django,3999,3957
django,django,2099,1759
django,django,3506,3502
django,django,2159,2155
django,django,5464,5463
django,django,5664,5553
django,django,5158,5149
django,django,2662,2627
django,django,7825,7814
django,django,1211,1014
nodejs,node,7139,6788
nodejs,node,9848,9284
nodejs,node,12491,12487
nodejs,node,8697,8549
nodejs,node,12878,12875
nodejs,node,11143,10786
nodejs,node,10055,9935
nodejs,node,3813,2205
nodejs,node,7617,7028
nodejs,node,5786,5782
nodejs,node,9578,9575
nodejs,node,1424,493
nodejs,node,11074,10320
nodejs,node,561,161
nodejs,node,10937,10525
nodejs,node,6531,5056
nodejs,node,8263,8231
nodejs,node,2556,2312
nodejs,node,5007,5003
nodejs,node,8923,3062
nodejs,node,4310,4258
nodejs,node,10753,10734
nodejs,node,3068,3059
nodejs,node,4342,4062
nodejs,node,9111,8016
nodejs,node,6987,6947
nodejs,node,10579,10282
nodejs,node,539,239
nodejs,node,11533,9352
nodejs,node,10916,10890
nodejs,node,11397,11375
nodejs,node,2252,2251
nodejs,node,6537,6536
nodejs,node,12590,12544
nodejs,node,11610,8551
nodejs,node,2350,1785
nodejs,node,12231,12204
nodejs,node,8717,8505
nodejs,node,9233,9184
nodejs,node,5211,5097
nodejs,node,11310,9351
nodejs,node,3701,2253
nodejs,node,12437,9961
nodejs,node,5251,4277
nodejs,node,7933,7932
nodejs,node,12490,12105
nodejs,node,385,382
nodejs,node,11278,10423
nodejs,node,5690,5689
nodejs,node,5520,5519
nodejs,node,7185,7160
nodejs,node,9535,9482
nodejs,node,2727,2726
nodejs,node,2727,2725
nodejs,node,6728,6718
nodejs,node,12231,12230
nodejs,node,8957,8953
nodejs,node,601,533
nodejs,node,7911,7745
nodejs,node,11828,8491
nodejs,node,4958,4110
nodejs,node,81,56
nodejs,node,12492,12487
nodejs,node,13650,13570
nodejs,node,3568,3567
nodejs,node,4814,4813
nodejs,node,4265,4254
nodejs,node,11838,11823
nodejs,node,12777,12316
nodejs,node,2207,2205
nodejs,node,9243,9220
nodejs,node,8016,8010
nodejs,node,11099,10343
nodejs,node,7634,7590
nodejs,node,5020,4975
nodejs,node,12469,12387
nodejs,node,3774,3722
nodejs,node,8612,8587
nodejs,node,9335,9334
nodejs,node,6044,5722
nodejs,node,11848,11762
nodejs,node,11340,11308
nodejs,node,7626,7311
nodejs,node,4585,3823
nodejs,node,7771,7689
nodejs,node,489,482
nodejs,node,6986,6947
nodejs,node,2262,1936
nodejs,node,12822,12732
nodejs,node,3853,3848
nodejs,node,5783,5544
nodejs,node,11599,7850
nodejs,node,10339,10239
nodejs,node,8491,8334
nodejs,node,5251,4749
nodejs,node,6937,6206
nodejs,node,6982,6947
nodejs,node,10583,10531
nodejs,node,12901,12426
nodejs,node,5434,5306
nodejs,node,5316,5306
nodejs,node,7465,5458
nodejs,node,7616,7311
nodejs,node,4124,3511
twbs,bootstrap,19300,19298
twbs,bootstrap,22705,22697
twbs,bootstrap,6941,6342
twbs,bootstrap,8195,8182
twbs,bootstrap,18689,17756
twbs,bootstrap,5278,5067
twbs,bootstrap,15384,15137
twbs,bootstrap,10773,10465
twbs,bootstrap,19863,19387
twbs,bootstrap,20667,18914
twbs,bootstrap,17350,17181
twbs,bootstrap,19904,19890
twbs,bootstrap,12217,11100
twbs,bootstrap,15350,12879
twbs,bootstrap,18745,18739
twbs,bootstrap,21535,21167
twbs,bootstrap,15423,15126
twbs,bootstrap,14153,14147
twbs,bootstrap,18757,18720
twbs,bootstrap,4819,4282
twbs,bootstrap,7370,7138
twbs,bootstrap,16698,16659
twbs,bootstrap,1525,1480
twbs,bootstrap,11482,11199
twbs,bootstrap,11687,11674
twbs,bootstrap,17037,17033
twbs,bootstrap,17359,17215
twbs,bootstrap,7064,6342
twbs,bootstrap,13333,13183
twbs,bootstrap,16776,16738
twbs,bootstrap,7151,6846
twbs,bootstrap,3028,2993
twbs,bootstrap,13502,13014
twbs,bootstrap,6877,6857
twbs,bootstrap,15371,15345
twbs,bootstrap,15582,15503
twbs,bootstrap,20604,20428
twbs,bootstrap,22499,22145
twbs,bootstrap,1138,1127
twbs,bootstrap,20009,18729
twbs,bootstrap,595,515
twbs,bootstrap,17172,17077
twbs,bootstrap,16628,14552
twbs,bootstrap,8430,8421
twbs,bootstrap,11496,10872
twbs,bootstrap,17462,17436
twbs,bootstrap,16193,15104
twbs,bootstrap,15347,13965
twbs,bootstrap,18531,17535
twbs,bootstrap,22612,21997
twbs,bootstrap,20795,20174
twbs,bootstrap,9276,7307
twbs,bootstrap,19121,18998
twbs,bootstrap,12529,12512
twbs,bootstrap,8518,6857
twbs,bootstrap,7622,6051
twbs,bootstrap,21136,18462
twbs,bootstrap,18871,18398
twbs,bootstrap,14175,14173
twbs,bootstrap,20745,19541
twbs,bootstrap,8806,8800
twbs,bootstrap,2664,2559
twbs,bootstrap,11664,11215
twbs,bootstrap,14360,13718
twbs,bootstrap,19055,18908
twbs,bootstrap,22039,22035
twbs,bootstrap,21190,21036
twbs,bootstrap,20658,20557
twbs,bootstrap,7147,7001
twbs,bootstrap,7963,7849
twbs,bootstrap,2622,2559
twbs,bootstrap,20851,20428
twbs,bootstrap,8462,6846
twbs,bootstrap,15645,15314
twbs,bootstrap,12776,3089
twbs,bootstrap,15563,15345
twbs,bootstrap,1519,1490
twbs,bootstrap,13932,10349
twbs,bootstrap,21770,21739
twbs,bootstrap,13192,10267
twbs,bootstrap,20665,20664
twbs,bootstrap,5445,5308
twbs,bootstrap,14803,10267
twbs,bootstrap,22045,21929
twbs,bootstrap,22128,21615
twbs,bootstrap,17136,17114
twbs,bootstrap,14630,13965
twbs,bootstrap,7184,7001
twbs,bootstrap,7338,7181
twbs,bootstrap,12733,12328
twbs,bootstrap,15848,15345
twbs,bootstrap,6612,6342
twbs,bootstrap,17409,17404
twbs,bootstrap,13473,13410
twbs,bootstrap,13606,13388
twbs,bootstrap,8047,7736
twbs,bootstrap,20989,20966
twbs,bootstrap,6902,6854
twbs,bootstrap,13519,13014
twbs,bootstrap,7899,7614
twbs,bootstrap,7821,6836
twbs,bootstrap,6615,6342
twbs,bootstrap,12964,12957
twbs,bootstrap,21044,20926
twbs,bootstrap,20754,19890
twbs,bootstrap,17401,17388
twbs,bootstrap,19829,18865
twbs,bootstrap,20332,20310
twbs,bootstrap,19936,19056
twbs,bootstrap,10708,10465
twbs,bootstrap,7912,7849
twbs,bootstrap,4509,4486
twbs,bootstrap,7862,6938
twbs,bootstrap,21161,19864
twbs,bootstrap,2110,2064
twbs,bootstrap,5165,3089
twbs,bootstrap,17080,17051
twbs,bootstrap,20779,20428
twbs,bootstrap,20996,20917
twbs,bootstrap,17637,17283
twbs,bootstrap,20580,20394
twbs,bootstrap,15895,15801
twbs,bootstrap,3610,3593
twbs,bootstrap,16145,14400
twbs,bootstrap,8974,8906
twbs,bootstrap,13165,12604
twbs,bootstrap,8730,8694
angular,angular.js,8206,8177
angular,angular.js,5080,3376
angular,angular.js,15919,15917
angular,angular.js,4916,4860
angular,angular.js,2265,2252
angular,angular.js,4968,4963
angular,angular.js,6876,6065
angular,angular.js,2399,2357
angular,angular.js,4658,4615
angular,angular.js,8716,8628
angular,angular.js,14635,12682
angular,angular.js,9917,9265
angular,angular.js,6716,6692
angular,angular.js,4630,4512
angular,angular.js,8206,8133
angular,angular.js,9827,5746
angular,angular.js,4612,4479
angular,angular.js,1602,1564
angular,angular.js,3198,2773
angular,angular.js,2260,2216
angular,angular.js,11028,9964
angular,angular.js,8034,8032
angular,angular.js,11017,9854
angular,angular.js,11593,11579
angular,angular.js,4171,4083
angular,angular.js,14967,6412
angular,angular.js,6807,6801
angular,angular.js,4924,4854
angular,angular.js,4300,3898
angular,angular.js,10477,10443
angular,angular.js,6215,6098
angular,angular.js,1514,1045
angular,angular.js,11803,11722
angular,angular.js,6986,6983
angular,angular.js,3025,2522
angular,angular.js,11790,11443
angular,angular.js,4833,4337
angular,angular.js,7999,5903
angular,angular.js,8108,7902
angular,angular.js,11973,11097
angular,angular.js,15542,15538
angular,angular.js,2357,2199
angular,angular.js,4308,3848
angular,angular.js,3958,3898
angular,angular.js,9905,8005
angular,angular.js,4940,4529
angular,angular.js,8205,7968
angular,angular.js,5174,5110
angular,angular.js,3197,3082
angular,angular.js,4642,4615
angular,angular.js,10335,10330
angular,angular.js,5976,5536
angular,angular.js,4665,4615
angular,angular.js,5019,4067
angular,angular.js,4021,3897
angular,angular.js,9481,9478
angular,angular.js,4292,3898
angular,angular.js,8206,8130
angular,angular.js,12072,4282
angular,angular.js,4369,4351
angular,angular.js,4530,4410
angular,angular.js,5084,4872
angular,angular.js,11938,11937
angular,angular.js,7846,5063
angular,angular.js,15535,15524
angular,angular.js,10711,10327
angular,angular.js,12110,9791
angular,angular.js,2362,2307
angular,angular.js,8516,8512
angular,angular.js,12362,12307
angular,angular.js,3082,2835
angular,angular.js,7582,5674
angular,angular.js,3785,3761
angular,angular.js,12524,12477
angular,angular.js,13942,13941
angular,angular.js,7960,7776
angular,angular.js,3010,2522
angular,angular.js,9013,4858
angular,angular.js,6885,6046
angular,angular.js,9356,8837
angular,angular.js,10585,5072
angular,angular.js,3393,1745
angular,angular.js,10485,10476
angular,angular.js,8492,8233
angular,angular.js,4086,3135
angular,angular.js,7906,7903
angular,angular.js,11359,10985
angular,angular.js,9763,9321
angular,angular.js,1851,1701
angular,angular.js,5108,5101
angular,angular.js,2439,2060
angular,angular.js,4532,4410
angular,angular.js,1616,1544
angular,angular.js,10592,7762
angular,angular.js,3452,2981
angular,angular.js,4544,4410
angular,angular.js,15110,15106
angular,angular.js,4356,3898
angular,angular.js,10619,10618
angular,angular.js,7079,6474
angular,angular.js,13014,9791
angular,angular.js,2488,2396
angular,angular.js,14488,14085
angular,angular.js,13497,13495
angular,angular.js,2273,1084
angular,angular.js,8626,8606
angular,angular.js,4646,4512
angular,angular.js,7947,7868
angular,angular.js,7479,7262
angular,angular.js,3699,3697
angular,angular.js,4193,3927
angular,angular.js,12933,12166
hashicorp,terraform,12913,12879
hashicorp,terraform,5299,5285
hashicorp,terraform,14192,11093
hashicorp,terraform,5888,4780
hashicorp,terraform,2630,2571
hashicorp,terraform,2839,2791
hashicorp,terraform,7151,6503
hashicorp,terraform,3330,3259
hashicorp,terraform,10578,9789
hashicorp,terraform,11261,9463
hashicorp,terraform,9986,9752
hashicorp,terraform,4979,4662
hashicorp,terraform,11157,10870
hashicorp,terraform,14103,14082
hashicorp,terraform,10537,8407
hashicorp,terraform,7874,6533
hashicorp,terraform,10050,5850
hashicorp,terraform,1827,1526
hashicorp,terraform,12998,12829
hashicorp,terraform,1654,1644
hashicorp,terraform,7994,7909
hashicorp,terraform,4158,3663
hashicorp,terraform,4148,1990
hashicorp,terraform,2411,2086
hashicorp,terraform,9398,7617
hashicorp,terraform,3064,3019
hashicorp,terraform,7785,6956
hashicorp,terraform,9646,8791
hashicorp,terraform,6570,5269
hashicorp,terraform,1620,1357
hashicorp,terraform,12781,12737
hashicorp,terraform,9167,7485
hashicorp,terraform,14204,14190
hashicorp,terraform,1525,1214
hashicorp,terraform,9686,9482
hashicorp,terraform,2743,2738
hashicorp,terraform,1764,1697
hashicorp,terraform,1426,1285
hashicorp,terraform,440,339
hashicorp,terraform,3761,3509
hashicorp,terraform,1804,1801
hashicorp,terraform,1701,1618
hashicorp,terraform,14514,13852
hashicorp,terraform,1939,1888
hashicorp,terraform,11679,11677
hashicorp,terraform,14429,14263
hashicorp,terraform,5196,5177
hashicorp,terraform,6344,5893
hashicorp,terraform,1974,1952
hashicorp,terraform,9075,8948
hashicorp,terraform,7666,7557
hashicorp,terraform,3908,3860
emberjs,ember.js,13365,12737
emberjs,ember.js,11667,11660
emberjs,ember.js,13685,13684
emberjs,ember.js,11146,10983
emberjs,ember.js,4223,4214
emberjs,ember.js,1354,1238
emberjs,ember.js,11516,11509
emberjs,ember.js,4156,3955
emberjs,ember.js,14799,14771
emberjs,ember.js,1012,926
emberjs,ember.js,2212,2030
emberjs,ember.js,1639,1631
emberjs,ember.js,12908,12832
emberjs,ember.js,14966,13175
emberjs,ember.js,13250,12501
emberjs,ember.js,12922,12921
emberjs,ember.js,13278,13270
emberjs,ember.js,13775,13751
emberjs,ember.js,13770,13763
emberjs,ember.js,14639,13629
emberjs,ember.js,4256,4255
emberjs,ember.js,14441,14246
emberjs,ember.js,11426,11381
emberjs,ember.js,2542,2310
emberjs,ember.js,1753,1661
emberjs,ember.js,12798,12793
emberjs,ember.js,2892,2485
emberjs,ember.js,3261,3046
emberjs,ember.js,4532,3740
emberjs,ember.js,1562,1216
emberjs,ember.js,13566,13194
emberjs,ember.js,12789,12787
emberjs,ember.js,13617,13587
emberjs,ember.js,3774,3764
emberjs,ember.js,10523,4785
emberjs,ember.js,2312,2274
emberjs,ember.js,2973,2971
emberjs,ember.js,324,303
emberjs,ember.js,4229,4170
emberjs,ember.js,15337,15087
emberjs,ember.js,10968,10966
emberjs,ember.js,12761,12708
emberjs,ember.js,12630,12344
emberjs,ember.js,11810,11793
emberjs,ember.js,2336,2333
emberjs,ember.js,1070,1066
pydata,pandas,11253,6687
pydata,pandas,8948,6647
pydata,pandas,5134,5127
pydata,pandas,16441,15971
pydata,pandas,4459,3482
pydata,pandas,16678,16677
pydata,pandas,5950,4958
pydata,pandas,7291,7285
pydata,pandas,11009,10967
pydata,pandas,9292,7462
pydata,pandas,12400,12356
pydata,pandas,10498,10497
pydata,pandas,4271,3482
pydata,pandas,12306,12302
pydata,pandas,12658,12656
pydata,pandas,12385,12384
pydata,pandas,12162,12137
pydata,pandas,7470,4505
pydata,pandas,10269,9924
pydata,pandas,15253,15248
pydata,pandas,9134,7557
pydata,pandas,9348,8728
pydata,pandas,11149,8828
pydata,pandas,3914,3893
pydata,pandas,3060,2670
pydata,pandas,11335,11141
pydata,pandas,7130,6890
pydata,pandas,12576,12566
pydata,pandas,2778,2708
pydata,pandas,10250,9579
pydata,pandas,10857,10656
pydata,pandas,2005,1654
pydata,pandas,4499,4321
pydata,pandas,9358,9198
pydata,pandas,14534,13554
pydata,pandas,3482,1904
pydata,pandas,12638,12603
pydata,pandas,10229,10199
pydata,pandas,9574,8945
pydata,pandas,9655,9644
pydata,pandas,9888,9876
pydata,pandas,12598,12090
pydata,pandas,14791,14728
pydata,pandas,11293,9894
pydata,pandas,10074,9350
pydata,pandas,14599,12580
pydata,pandas,10282,9763
pydata,pandas,5950,4680
pydata,pandas,4549,4254
zendframework,zf2,6617,6399
zendframework,zf2,5341,4781
zendframework,zf2,1445,1437
zendframework,zf2,6688,6648
zendframework,zf2,2092,2089
zendframework,zf2,4698,4671
zendframework,zf2,2981,2935
zendframework,zf2,6269,6184
zendframework,zf2,7647,7583
zendframework,zf2,5631,5611
zendframework,zf2,1809,1790
zendframework,zf2,4174,4147
zendframework,zf2,1178,1165
zendframework,zf2,6551,6542
zendframework,zf2,6001,5386
zendframework,zf2,7123,25
zendframework,zf2,5618,4534
zendframework,zf2,6695,6615
zendframework,zf2,1201,1080
zendframework,zf2,7477,7411
zendframework,zf2,1046,1039
zendframework,zf2,4894,4657
zendframework,zf2,3706,3434
zendframework,zf2,5663,5654
zendframework,zf2,4761,4749
zendframework,zf2,911,910
zendframework,zf2,6476,6267
zendframework,zf2,180,125
zendframework,zf2,605,602
zendframework,zf2,1460,1441
zendframework,zf2,1465,1213
zendframework,zf2,5990,5983
zendframework,zf2,5904,5802
zendframework,zf2,1595,1586
zendframework,zf2,1738,1625
zendframework,zf2,4358,3932
zendframework,zf2,2348,2189
zendframework,zf2,754,747
zendframework,zf2,6909,6795
zendframework,zf2,4649,4648
zendframework,zf2,6193,6073
zendframework,zf2,3291,2973
zendframework,zf2,5486,4642
zendframework,zf2,180,175
zendframework,zf2,4720,4687
zendframework,zf2,3316,3263
zendframework,zf2,5064,4973
zendframework,zf2,1248,1247
zendframework,zf2,5636,5503
zendframework,zf2,4753,4584
zendframework,zf2,1041,1039
zendframework,zf2,6264,6154
zendframework,zf2,5667,5486
facebook,react,6037,5997
facebook,react,6419,5884
facebook,react,2366,2359
facebook,react,8677,8436
facebook,react,3184,3180
facebook,react,8635,7272
facebook,react,4311,4294
facebook,react,5004,4051
facebook,react,1539,1249
facebook,react,7326,3913
facebook,react,5449,5444
facebook,react,6657,6591
facebook,react,938,830
facebook,react,4789,4786
facebook,react,8647,8328
facebook,react,1894,1366
facebook,react,7621,6893
facebook,react,6046,5264
facebook,react,5753,5099
facebook,react,9465,7725
facebook,react,5374,5257
facebook,react,5714,5398
facebook,react,5391,5009
facebook,react,3281,2549
facebook,react,7515,7081
facebook,react,1221,760
facebook,react,8678,8648
facebook,react,2121,1301
facebook,react,5236,5220
facebook,react,8945,8939
facebook,react,5961,5960
facebook,react,8764,8655
facebook,react,9385,5718
facebook,react,3950,3949
facebook,react,2512,2511
facebook,react,722,703
facebook,react,5361,3885
facebook,react,6059,5651
facebook,react,8106,8101
facebook,react,3371,3370
facebook,react,7090,144
facebook,react,1264,1072
facebook,react,3663,3508
facebook,react,6354,6337
facebook,react,3589,3533
facebook,react,1539,1240
facebook,react,4221,4220
facebook,react,698,696
facebook,react,9935,9933
facebook,react,2114,1301
facebook,react,4561,4463
facebook,react,520,510
facebook,react,8112,8101
facebook,react,8259,8179
facebook,react,5714,5613
facebook,react,8112,8106
facebook,react,8109,8106
facebook,react,2159,2156
facebook,react,4164,4150
facebook,react,6502,6148
facebook,react,7471,6461
facebook,react,6958,6744
facebook,react,9083,9070
facebook,react,3405,3282
facebook,react,6745,6710
facebook,react,8612,7402
facebook,react,2172,1912
facebook,react,7819,4344
facebook,react,5907,1510
facebook,react,5615,5602
facebook,react,6135,6121
facebook,react,4157,2263
facebook,react,8757,8648
facebook,react,3737,3566
scikit-learn,scikit-learn,6582,6376
scikit-learn,scikit-learn,3181,2632
scikit-learn,scikit-learn,3574,1176
scikit-learn,scikit-learn,5835,5771
scikit-learn,scikit-learn,3125,2694
scikit-learn,scikit-learn,6337,6332
scikit-learn,scikit-learn,5366,5127
scikit-learn,scikit-learn,7390,7229
scikit-learn,scikit-learn,7819,6077
scikit-learn,scikit-learn,6057,6041
scikit-learn,scikit-learn,7825,6307
scikit-learn,scikit-learn,6436,6431
scikit-learn,scikit-learn,7261,6028
scikit-learn,scikit-learn,7015,5900
scikit-learn,scikit-learn,5297,5277
scikit-learn,scikit-learn,3735,2979
scikit-learn,scikit-learn,4852,2263
scikit-learn,scikit-learn,7350,5393
scikit-learn,scikit-learn,8438,4354
scikit-learn,scikit-learn,7011,7009
scikit-learn,scikit-learn,6712,6505
scikit-learn,scikit-learn,1961,1787
scikit-learn,scikit-learn,6874,2616
scikit-learn,scikit-learn,5295,1348
scikit-learn,scikit-learn,8658,4494
scikit-learn,scikit-learn,5951,5874
scikit-learn,scikit-learn,6692,5762
scikit-learn,scikit-learn,7350,7312
scikit-learn,scikit-learn,6720,6666
scikit-learn,scikit-learn,4205,3907
scikit-learn,scikit-learn,6307,5642
scikit-learn,scikit-learn,6087,5513
scikit-learn,scikit-learn,3306,1714
scikit-learn,scikit-learn,5152,4845
scikit-learn,scikit-learn,7026,1742
scikit-learn,scikit-learn,2948,2199
scikit-learn,scikit-learn,4802,4182
scikit-learn,scikit-learn,5378,5348
scikit-learn,scikit-learn,5784,2073
scikit-learn,scikit-learn,3877,1867
scikit-learn,scikit-learn,6586,3638
scikit-learn,scikit-learn,4852,2557
scikit-learn,scikit-learn,8658,8436
scikit-learn,scikit-learn,6717,1939
scikit-learn,scikit-learn,6841,5064
scikit-learn,scikit-learn,4308,4087
scikit-learn,scikit-learn,5420,5008
scikit-learn,scikit-learn,5607,5577
scikit-learn,scikit-learn,7978,7902
scikit-learn,scikit-learn,6429,4567
scikit-learn,scikit-learn,3531,3463
scikit-learn,scikit-learn,3432,3236
scikit-learn,scikit-learn,6313,5372
scikit-learn,scikit-learn,7776,7775
scikit-learn,scikit-learn,6671,5366
scikit-learn,scikit-learn,3861,3859
scikit-learn,scikit-learn,7374,5836
scikit-learn,scikit-learn,311,296
scikit-learn,scikit-learn,4493,4467
scikit-learn,scikit-learn,4802,4175
scikit-learn,scikit-learn,3760,3655
scikit-learn,scikit-learn,7541,6176
scikit-learn,scikit-learn,8143,7986
scikit-learn,scikit-learn,5718,5712
scikit-learn,scikit-learn,6671,5127
scikit-learn,scikit-learn,3735,3310
scikit-learn,scikit-learn,4802,1292
scikit-learn,scikit-learn,8518,8517
